dx,dy,dz
0.07857142857142857,0.08333333333333333,0.075
