dx,dy,dz
0.025,0.028571428571428574,0.02702702702702703
