dx,dy,dz
0.04647887323943662,0.05,0.04615384615384615
