dx,dy,dz
0.03666666666666667,0.03571428571428571,0.0375
